{
  "label": "D3_hybrid",
  "time": 33.5,
  "gens": 100,
  "best": 2.9856345546826346,
  "avg": 2.725259843371681,
  "tips": 3,
  "best_diff": {
    "lin12_expr": -0.886,
    "lag2_expr": -0.828,
    "notch_sens": 2.041,
    "notch_decay": 1.222,
    "dsl_basal": -0.151,
    "fork_rate": 3.304,
    "fork_accuracy": -0.682,
    "mother_size": -0.718,
    "daughter_asym": -0.446,
    "timer_speed": 3.924,
    "timer_precis": 1.612,
    "check_g1": 1.399,
    "check_g2": 1.962,
    "dna_damage": 2.649,
    "ach_sens": -0.528,
    "gaba_sens": -0.527,
    "glu_sens": 0.158,
    "serotonin": -0.317,
    "memory_stab": 1.216,
    "h3k4me3": -0.616,
    "h3k27me3": 2.629,
    "chrom_noise": -0.197,
    "heritability": 2.76,
    "apop_thresh": 1.926,
    "caspase": 1.765,
    "egl1_sens": 0.983,
    "cell_survive": 3.22
  }
}