{
  "label": "D1v2_tighter",
  "time": 31.8,
  "gens": 100,
  "best": 4.2520650739363175,
  "avg": 3.066514912701478,
  "tips": 6,
  "best_diff": {
    "lin12_expr": 1.611,
    "lag2_expr": 2.024,
    "notch_sens": 0.303,
    "notch_thresh": -0.152,
    "lat_inhib": -0.898,
    "notch_decay": 0.224,
    "dsl_basal": 0.607,
    "fork_rate": 3.501,
    "fork_accuracy": 2.574,
    "mother_size": -0.725,
    "daughter_asym": -0.348,
    "polarity": -0.663,
    "timer_speed": 1.844,
    "timer_precis": 2.573,
    "check_g1": 1.732,
    "check_g2": 1.099,
    "dna_damage": 2.252,
    "ach_sens": -0.55,
    "gaba_sens": -0.435,
    "glu_sens": -0.347,
    "serotonin": 0.15,
    "memory_stab": 1.244,
    "h3k4me3": -0.592,
    "h3k27me3": 0.791,
    "heritability": 2.999,
    "apop_thresh": 0.372,
    "caspase": 0.661,
    "egl1_sens": 1.446,
    "cell_survive": 4.29
  }
}