{
  "label": "D4_balance",
  "time": 32.8,
  "gens": 100,
  "best": 3.994799421100184,
  "avg": 3.5703461964563443,
  "tips": 11,
  "best_diff": {
    "lin12_expr": 1.663,
    "lag2_expr": 1.648,
    "notch_sens": 1.897,
    "lat_inhib": -0.181,
    "notch_decay": 1.373,
    "dsl_basal": 0.666,
    "fork_rate": 1.326,
    "fork_accuracy": 2.376,
    "daughter_asym": -0.442,
    "polarity": -0.731,
    "timer_speed": 2.466,
    "timer_precis": 0.267,
    "check_g1": 2.616,
    "check_g2": 1.038,
    "dna_damage": 0.573,
    "ach_sens": -0.467,
    "gaba_sens": -0.307,
    "glu_sens": -0.383,
    "serotonin": -0.386,
    "memory_stab": 2.533,
    "h3k4me3": 2.369,
    "h3k27me3": -0.688,
    "chrom_noise": 0.617,
    "heritability": 2.483,
    "apop_thresh": 0.367,
    "caspase": 0.45,
    "egl1_sens": 2.013,
    "cell_survive": 6.826
  }
}